{
  "training_date": "2026-01-27T12:52:12.028948",
  "total_cases": 80703,
  "risk_models": {
    "XGBoost": {
      "accuracy": 0.9944241372901307,
      "precision": 0.9943609022556391,
      "recall": 0.8587662337662337,
      "f1": 0.921602787456446,
      "auc": 0.978123993558776
    },
    "CatBoost": {
      "accuracy": 0.9944860913202404,
      "precision": 0.998109640831758,
      "recall": 0.8571428571428571,
      "f1": 0.9222707423580787,
      "auc": 0.9778672334107117
    },
    "LightGBM": {
      "accuracy": 0.994362183260021,
      "precision": 0.9924953095684803,
      "recall": 0.8587662337662337,
      "f1": 0.9208006962576153,
      "auc": 0.9787351778656126
    },
    "Ensemble": {
      "accuracy": 0.9944860913202404,
      "precision": 0.998109640831758,
      "recall": 0.8571428571428571,
      "f1": 0.9222707423580787,
      "auc": 0.9796607378129119
    }
  },
  "response_model": {
    "accuracy": 0.6688557090638746,
    "precision": 0.621206444361184,
    "recall": 0.4994728121705076,
    "f1": 0.5537279786256992,
    "auc": 0.6982288695518521
  },
  "strategy": "Combined: Advanced Models + Features + Labels + Ensemble"
}